Database,Keyword,Seed keyword,Page,Topic,Page type,Tags,Volume,Keyword Difficulty,CPC
es,transcripción de reuniones automática,transcripción reuniones,/blog/transcripcion-reuniones-automatica,Transcripción automática de reuniones con IA,Informational,transcripcion ia reuniones,1200,22,1.40
es,asistente ia para reuniones,asistente ia reuniones,/blog/asistente-ia-reuniones,Qué es un asistente de IA para reuniones y cómo funciona,Informational,ia reuniones productividad,880,25,1.80
es,cómo transcribir una reunión automáticamente,transcripción reuniones,/blog/como-transcribir-reunion-automaticamente,Guía paso a paso para transcribir reuniones sin esfuerzo,Informational,transcripcion automatica,1900,18,0.90
es,software transcripción reuniones,transcripción reuniones,/transcripcion-reuniones,Mejor software de transcripción de reuniones en español,Commercial,software transcripcion,720,30,2.10
es,grabar reuniones de google meet sin bot,grabar reuniones,/blog/grabar-google-meet-sin-bot,Cómo grabar Google Meet sin bot visible en la sala,Informational,google meet grabacion extension,590,15,1.20
es,cómo tomar notas en reuniones de trabajo,notas reuniones,/blog/como-tomar-notas-reuniones-trabajo,Métodos para tomar notas en reuniones sin perder información,Informational,productividad reuniones notas,2400,20,0.70
es,notas automáticas reuniones ia,notas reuniones,/blog/notas-automaticas-reuniones-ia,Cómo generar notas automáticas de reuniones con inteligencia artificial,Informational,notas ia automatizacion,480,19,1.50
es,resumir reuniones con ia,resumen reuniones,/blog/resumir-reunion-con-ia,Cómo usar IA para resumir reuniones en segundos,Informational,resumen ia productividad,760,21,1.30
es,transcribir audio a texto automático español,transcripción audio,/blog/transcribir-audio-texto-automatico,Las mejores herramientas para transcribir audio a texto en español,Informational,transcripcion audio texto,3200,28,1.10
es,extensión chrome grabar reuniones,extensión chrome reuniones,/blog/extension-chrome-grabar-reuniones,Cómo grabar reuniones con una extensión de Chrome,Informational,chrome extension reunion grabacion,390,14,1.00
es,alternativa a otter.ai en español,alternativa otter,/blog/alternativa-otter-ai-espanol,Mejores alternativas a Otter.ai para hispanohablantes,Informational,alternativa otter español,320,16,2.40
es,otter.ai en español funciona,alternativa otter,/blog/otter-ai-espanol,Otter.ai en español: limitaciones y qué usar en su lugar,Informational,otter.ai español review,280,18,1.80
es,app para grabar y transcribir reuniones,transcripción reuniones,/transcripcion-reuniones,La mejor app para grabar y transcribir reuniones en español,Commercial,app grabacion transcripcion,540,26,2.30
es,cómo no perder información en reuniones,notas reuniones,/blog/como-no-perder-informacion-reuniones,Por qué perdemos información en reuniones y cómo evitarlo,Informational,productividad reunion informacion,1100,17,0.80
es,transcribir videollamada zoom,transcripción zoom,/blog/transcribir-videollamada-zoom,Cómo transcribir una videollamada de Zoom automáticamente,Informational,zoom transcripcion videollamada,870,20,1.40
es,transcribir reuniones microsoft teams,transcripción teams,/blog/transcribir-reuniones-teams,Guía para transcribir reuniones de Microsoft Teams con IA,Informational,teams transcripcion ia,660,22,1.50
es,grabar llamadas de teléfono automáticamente,grabar llamadas,/blog/grabar-llamadas-telefono-automaticamente,Cómo grabar y transcribir llamadas de teléfono con IA,Informational,grabar llamadas transcripcion,1400,24,1.60
es,actas de reuniones automáticas,actas reuniones,/blog/actas-reuniones-automaticas,Cómo generar actas de reuniones automáticamente con IA,Informational,actas automaticas reunion,920,19,1.20
es,identificación de hablantes transcripción,transcripción avanzada,/blog/identificacion-hablantes-transcripcion,Qué es la identificación de hablantes y para qué sirve,Informational,diarization speaker identification,310,15,1.10
es,chat con grabaciones de reuniones,chat ia grabaciones,/blog/chat-grabaciones-reuniones-ia,Cómo hacer preguntas a tus grabaciones de reuniones con IA,Informational,chat ia memoria digital,290,12,1.30
es,qué es un asistente de reuniones ia,asistente ia reuniones,/blog/que-es-asistente-reuniones-ia,Guía completa sobre asistentes de IA para reuniones,Informational,asistente ia definicion,440,16,0.90
es,herramientas productividad reuniones,productividad reuniones,/blog/herramientas-productividad-reuniones,Las mejores herramientas de productividad para reuniones de trabajo,Informational,productividad herramientas reunion,1800,27,1.00
es,inteligencia artificial notas médicas,ia medicina notas,/blog/inteligencia-artificial-notas-medicas,Cómo la IA está transformando las notas médicas y la documentación clínica,Informational,ia medicina salud,980,23,1.70
es,notas médicas automáticas ia,ia medicina notas,/blog/notas-medicas-automaticas-ia,Herramientas de IA para generar notas médicas automáticas en consulta,Informational,notas soap medico ia,480,20,2.10
es,transcripción consulta médica,ia medicina notas,/blog/transcripcion-consulta-medica,Cómo transcribir consultas médicas automáticamente y cumplir con la LOPD,Informational,transcripcion medica lopd,390,18,1.90
es,nota soap automática ia,ia medicina notas,/blog/nota-soap-automatica-ia,Cómo generar notas SOAP automáticamente con inteligencia artificial,Informational,soap nota medica ia,260,14,1.80
es,transcripción entrevistas periodismo,transcripción entrevistas,/blog/transcripcion-entrevistas-periodismo,Las mejores herramientas para transcribir entrevistas periodísticas,Informational,transcripcion entrevista periodista,540,17,1.20
es,cómo transcribir una entrevista rápido,transcripción entrevistas,/blog/como-transcribir-entrevista-rapido,Métodos para transcribir entrevistas en la mitad de tiempo,Informational,transcripcion rapida entrevista,1200,19,0.90
es,software notas de ventas automático,notas ventas ia,/blog/software-notas-ventas-automatico,Cómo automatizar las notas de llamadas de ventas con IA,Informational,ventas notas automatizacion crm,420,21,2.50
es,análisis llamadas de ventas ia,notas ventas ia,/blog/analisis-llamadas-ventas-ia,Cómo usar IA para analizar llamadas de ventas y extraer insights,Informational,ventas ia crm analisis,380,22,2.80
es,bant automático ia ventas,notas ventas ia,/blog/bant-automatico-ia-ventas,Cómo extraer el marco BANT automáticamente de tus llamadas de ventas,Informational,bant ventas ia automatico,180,13,2.20
es,transcripción reuniones recursos humanos,ia rrhh entrevistas,/blog/transcripcion-reuniones-recursos-humanos,Cómo usar IA para transcribir y analizar entrevistas de selección,Informational,rrhh entrevistas ia transcripcion,290,16,1.60
es,ia para entrevistas de trabajo rrhh,ia rrhh entrevistas,/blog/ia-entrevistas-trabajo-rrhh,Herramientas de IA para optimizar el proceso de selección de personal,Informational,rrhh ia seleccion personal,520,24,1.90
es,transcribir reuniones ux research,ia ux research,/blog/transcribir-reuniones-ux-research,Cómo transcribir y analizar sesiones de investigación UX con IA,Informational,ux research ia insights,240,14,1.40
es,análisis sesiones ux ia,ia ux research,/blog/analisis-sesiones-ux-ia,Cómo extraer insights de sesiones de testing con inteligencia artificial,Informational,ux testing analisis ia,190,13,1.50
es,ia para despachos de abogados,ia legal,/blog/ia-despachos-abogados,Cómo está transformando la IA el trabajo en despachos jurídicos,Informational,ia legal abogados,640,25,2.40
es,transcripción actos jurídicos,ia legal,/blog/transcripcion-actos-juridicos,Transcripción automática de actas legales y declaraciones con IA,Informational,transcripcion legal ia lopd,320,19,2.10
es,grabación y transcripción llamadas legales,ia legal,/blog/grabacion-transcripcion-llamadas-legales,Guía legal para grabar y transcribir llamadas en España,Informational,grabacion llamadas legal españa,480,21,2.30
es,memoria digital reuniones,memoria digital,/blog/memoria-digital-reuniones,Qué es la memoria digital de reuniones y cómo te cambia el trabajo,Informational,memoria digital ia productividad,210,12,0.80
es,segundo cerebro para reuniones,memoria digital,/blog/segundo-cerebro-reuniones,Cómo crear un segundo cerebro para tus reuniones con IA,Informational,segundo cerebro ia,380,16,1.00
es,buscar en grabaciones de audio ia,búsqueda semántica,/blog/buscar-grabaciones-audio-ia,Cómo buscar dentro de grabaciones de audio con búsqueda semántica,Informational,busqueda semantica audio ia,190,13,1.10
es,cuánto tiempo se pierde en reuniones,productividad reuniones,/blog/cuanto-tiempo-se-pierde-reuniones,Estadísticas sobre el tiempo perdido en reuniones y cómo recuperarlo,Informational,estadisticas reunion productividad,2800,15,0.70
es,cómo mejorar la productividad en reuniones,productividad reuniones,/blog/como-mejorar-productividad-reuniones,10 estrategias para que tus reuniones sean más productivas,Informational,productividad reunion consejos,3400,24,0.80
es,reuniones improductivas solución,productividad reuniones,/blog/reuniones-improductivas-solucion,Por qué las reuniones son improductivas y cómo solucionarlo,Informational,reunion improductiva solucion,1600,20,0.70
es,plataforma transcripción español,transcripción reuniones,/transcripcion-reuniones,Plataforma de transcripción en español para profesionales,Commercial,plataforma transcripcion español,390,28,2.60
es,grabar reuniones sin que se note,grabar reuniones,/blog/grabar-reuniones-sin-bot,Cómo grabar reuniones de forma discreta sin bots intrusivos,Informational,grabacion discreta reunion,340,15,1.10
es,ia reuniones google meet,transcripción google meet,/blog/ia-reuniones-google-meet,Las mejores herramientas de IA para Google Meet en español,Informational,google meet ia español,720,22,1.60
es,transcripción automática google meet español,transcripción google meet,/blog/transcripcion-automatica-google-meet,Cómo activar y mejorar la transcripción automática en Google Meet,Informational,google meet transcripcion automatica,1100,23,1.40
es,cómo no olvidar lo que se habló en una reunión,notas reuniones,/blog/como-recordar-reunion,Técnicas y herramientas para no olvidar nada después de una reunión,Informational,reunion memoria recordar,1900,17,0.70
es,precio transcripción audio español,precios transcripción,/planes,Cuánto cuesta transcribir audio en español: comparativa de precios,Commercial,precio transcripcion coste,580,26,2.00
es,transcripción audio gratis español,transcripción gratis,/blog/transcripcion-audio-gratis-espanol,Herramientas gratuitas para transcribir audio en español: comparativa,Informational,transcripcion gratis español,2200,22,0.80
es,whisper openai español,ia transcripcion openai,/blog/whisper-openai-espanol,Cómo usar Whisper de OpenAI para transcribir audio en español,Informational,whisper openai transcripcion,1400,20,0.90
es,comparativa asistentes ia reuniones,comparativa ia reuniones,/blog/comparativa-asistentes-ia-reuniones,Comparativa de los mejores asistentes de IA para reuniones en 2026,Informational,comparativa ia reunion herramientas,440,24,1.70
es,fathom alternativa español,alternativa fathom,/blog/fathom-alternativa-espanol,Alternativas a Fathom para equipos que trabajan en español,Informational,fathom alternativa espanol,190,15,2.00
es,fireflies alternativa español,alternativa fireflies,/blog/fireflies-alternativa-espanol,Alternativas a Fireflies.ai para el mercado hispanohablante,Informational,fireflies alternativa español,220,16,2.10
es,otter ai precio,precio otter,/blog/otter-ai-precio,Cuánto cuesta Otter.ai y si vale la pena para hispanohablantes,Informational,otter precio comparativa,640,19,1.80
es,grabar llamadas whatsapp automáticamente,grabar llamadas,/blog/grabar-llamadas-whatsapp-automaticamente,Cómo grabar y transcribir llamadas de WhatsApp con IA,Informational,whatsapp grabacion transcripcion,2800,26,1.20
es,ia para médicos en consulta,ia medicina notas,/blog/ia-medicos-consulta,Cómo los médicos están usando IA en consulta para ahorrar tiempo,Informational,medico ia consulta tecnologia,760,21,1.90
es,dictado médico automático ia,ia medicina notas,/blog/dictado-medico-automatico-ia,Dictado médico automático con IA: guía para clínicas y consultas,Informational,dictado medico ia automatico,380,18,2.20
es,herramientas ia para profesionales de la salud,ia medicina notas,/blog/herramientas-ia-profesionales-salud,Las mejores herramientas de IA para profesionales sanitarios en España,Informational,ia salud profesionales herramientas,520,22,2.00
es,cómo usar ia en despacho de abogados,ia legal,/blog/como-usar-ia-despacho-abogados,Guía práctica para implementar IA en un despacho de abogados,Informational,ia abogados implementacion,410,20,2.30
es,grabación reuniones cumplimiento gdpr,seguridad datos reuniones,/blog/grabacion-reuniones-gdpr-cumplimiento,Cómo grabar reuniones cumpliendo con el GDPR y la LOPD,Informational,gdpr lopd grabacion reunion,370,17,1.60
es,es seguro grabar reuniones con ia,seguridad datos reuniones,/blog/seguro-grabar-reuniones-ia,¿Es seguro usar IA para grabar y transcribir reuniones?,Informational,seguridad ia grabacion datos,890,19,1.30
es,privacidad transcripción ia,seguridad datos reuniones,/blog/privacidad-transcripcion-ia,Privacidad y protección de datos en herramientas de transcripción con IA,Informational,privacidad ia datos seguridad,630,21,1.50
es,mejor ia para reuniones 2026,comparativa ia reuniones,/blog/mejor-ia-reuniones-2026,Las mejores herramientas de IA para reuniones en 2026,Informational,mejores ia reunion ranking,980,26,1.90
es,ia para startups productividad,ia productividad,/blog/ia-startups-productividad,Cómo las startups están usando IA para ser más productivas,Informational,ia startup productividad,740,25,1.40
es,automatizar notas de reuniones,automatizar reuniones,/blog/automatizar-notas-reuniones,Cómo automatizar la toma de notas de reuniones con herramientas de IA,Informational,automatizar notas ia reunion,560,20,1.30
es,ia para equipos de ventas,ia ventas equipo,/blog/ia-equipos-ventas,Cómo los equipos de ventas están usando IA para cerrar más tratos,Informational,ia ventas equipo herramientas,880,27,2.60
es,transcripción llamadas comerciales,notas ventas ia,/blog/transcripcion-llamadas-comerciales,Cómo transcribir y analizar llamadas comerciales con IA,Informational,transcripcion comercial ventas ia,310,18,2.40
es,resumen ejecutivo reunión automático,resumen reuniones,/blog/resumen-ejecutivo-reunion-automatico,Cómo generar un resumen ejecutivo automático de cada reunión,Informational,resumen ejecutivo reunion ia,420,16,1.20
es,action items reunión automático,resumen reuniones,/blog/action-items-reunion-automatico,Cómo extraer automáticamente los action items de una reunión,Informational,action items reunion ia,290,14,1.10
es,qué hace un asistente virtual de reuniones,asistente ia reuniones,/blog/que-hace-asistente-virtual-reuniones,Funciones de un asistente virtual de reuniones y cuándo usarlo,Informational,asistente virtual reunion funciones,380,17,1.00
es,cómo preparar reuniones con ia,productividad reuniones,/blog/como-preparar-reuniones-ia,Cómo usar IA para preparar reuniones más efectivas,Informational,preparar reunion ia productividad,640,18,0.90
es,transcripción podcast español,transcripción audio,/blog/transcripcion-podcast-espanol,Cómo transcribir podcasts en español de forma automática,Informational,transcripcion podcast español ia,1400,22,0.80
es,convertir audio a texto español ia,transcripción audio,/blog/convertir-audio-texto-espanol-ia,Cómo convertir audio a texto en español con inteligencia artificial,Informational,audio texto ia español,4200,30,0.90
es,transcripción multilingüe español inglés,transcripción avanzada,/blog/transcripcion-multilingue-espanol-ingles,Herramientas de transcripción que funcionan en español e inglés,Informational,transcripcion multilingue español ingles,480,19,1.30
es,diktalo opiniones,diktalo review,/blog/diktalo-opiniones,Diktalo: opiniones y análisis completo de la herramienta,Informational,diktalo review analisis,120,8,0.60
es,diktalo precio,diktalo producto,/planes,Precios de Diktalo: planes y qué incluye cada uno,Commercial,diktalo precio planes,90,6,1.20
es,ia reuniones españa,ia reuniones mercado español,/blog/ia-reuniones-espana,El mercado de asistentes de IA para reuniones en España,Informational,ia españa reunion mercado,310,18,1.40
es,grabar reuniones presenciales con ia,grabar reuniones,/blog/grabar-reuniones-presenciales-ia,Cómo grabar y transcribir reuniones presenciales con IA,Informational,reunion presencial grabacion ia,430,16,1.10
es,eficiencia reuniones empresa,productividad reuniones,/blog/eficiencia-reuniones-empresa,Cómo mejorar la eficiencia de las reuniones en tu empresa,Informational,reunion empresa eficiencia,1200,23,0.80
es,follow up reunión automático,resumen reuniones,/blog/follow-up-reunion-automatico,Cómo automatizar el follow-up después de cada reunión,Informational,follow up reunion automatico,760,18,1.40
es,ia para notas clases universitarias,transcripción educación,/blog/ia-notas-clases-universitarias,Cómo usar IA para tomar notas en clases universitarias,Informational,ia estudiantes notas clase,1800,21,0.70
es,transcribir clases online,transcripción educación,/blog/transcribir-clases-online,Cómo transcribir clases online y webinars automáticamente,Informational,transcripcion clase online,1100,20,0.80
es,grabación y transcripción conferencias,transcripción educación,/blog/grabacion-transcripcion-conferencias,Herramientas para grabar y transcribir conferencias y eventos,Informational,conferencia grabacion transcripcion,540,19,1.20
es,ia productivity tools profesionales,ia productividad,/blog/ia-productivity-tools-profesionales,Las mejores herramientas de IA de productividad para profesionales en 2026,Informational,ia productividad profesionales,1600,28,1.50
es,cómo integrar ia en el flujo de trabajo,ia productividad,/blog/como-integrar-ia-flujo-trabajo,Guía para integrar herramientas de IA en tu flujo de trabajo diario,Informational,ia flujo trabajo integracion,920,24,1.30
es,zapier integraciones grabación reuniones,integraciones ia,/blog/zapier-integraciones-grabacion-reuniones,Cómo conectar tu herramienta de reuniones con Zapier y tu CRM,Informational,zapier crm grabacion reunion,280,16,1.80
es,plomero ia comparativa,alternativa competidores,/blog/plaud-ai-alternativa-espanol,PLAUD.AI y grabadores de hardware vs apps de transcripción: cuál elegir,Informational,plaud hardware vs software,160,11,1.40
es,grabar reuniones sin descargar nada,grabar reuniones,/blog/grabar-reuniones-sin-instalar,Cómo grabar reuniones sin instalar programas de escritorio,Informational,grabar reunion sin descarga,580,17,1.00
mx,transcripción de reuniones automática mexico,transcripción reuniones,/blog/transcripcion-reuniones-automatica,Transcripción automática de reuniones para profesionales en México,Informational,transcripcion mexico reunion,900,20,1.20
mx,asistente ia reuniones mexico,asistente ia reuniones,/blog/asistente-ia-reuniones,Asistentes de IA para reuniones disponibles en México,Informational,ia reunion mexico,540,18,1.60
mx,grabar y transcribir llamadas mexico,grabar llamadas,/blog/grabar-llamadas-mexico,Cómo grabar y transcribir llamadas de trabajo en México legalmente,Informational,grabacion llamada mexico legal,680,19,1.30
ar,transcripción reuniones argentina,transcripción reuniones,/blog/transcripcion-reuniones-automatica,Herramientas de transcripción de reuniones para profesionales en Argentina,Informational,transcripcion argentina reunion,620,17,1.10
ar,asistente ia reuniones argentina,asistente ia reuniones,/blog/asistente-ia-reuniones,Los mejores asistentes de IA para reuniones en Argentina,Informational,ia reunion argentina,380,16,1.40
